inhibitor	targets	family	mechanism	clinical_tier	analogue	exposure	resistance
17-AAG (Tanespimycin)	HSP90AA1|HSP90AB1	HSP90	HSP90 ATPase inhibitor; destabilises kinase clients	trial	—	borderline	HSPA1A/HSF1 heat-shock response
A-674563	AKT1|PRKACA	AKT	ATP-competitive AKT1/PKA inhibitor	research	MK-2206	not_established	PI3K pathway reactivation
ABT-737	BCL2|BCL2L1|BCL2L2	BCL2	BH3 mimetic; BCL2/BCL-xL/BCL-w	research	Venetoclax|Navitoclax	not_established	MCL1 upregulation|BAX/BAK loss
AGI-5198	IDH1	IDH	mutant-IDH1 R132 inhibitor	research	Ivosidenib	not_established	IDH isoform switch|receptor-tyrosine-kinase co-mutation
AGI-6780	IDH2	IDH	mutant-IDH2 R140 inhibitor	research	Enasidenib	not_established	IDH isoform switch|differentiation syndrome escape
AT7519	CDK1|CDK2|CDK4|CDK5|CDK9	CDK	multi-CDK inhibitor; transcriptional CDK9	trial	Alvocidib	borderline	MCL1 re-expression
AZD1152-HQPA (AZD2811)	AURKB	Aurora	Aurora-B kinase inhibitor (barasertib active metabolite)	trial	—	clinically_achievable	AURKB gatekeeper mutation|TP53 loss
AZD1480	JAK2	JAK	ATP-competitive JAK2 inhibitor	trial	Ruxolitinib	borderline	JAK2 heterodimer persistence
Afatinib (BIBW-2992)	EGFR|ERBB2|ERBB4	ERBB	irreversible pan-ERBB inhibitor	approved_other	—	clinically_achievable	EGFR C797S|bypass MET
Alisertib (MLN8237)	AURKA	Aurora	selective Aurora-A inhibitor	trial	—	clinically_achievable	AURKA amplification|TP53 loss
Artemisinin	—	other	heme-activated endoperoxide; oxidative stress	research	Artesunate	not_established	antioxidant capacity (GPX4/NRF2)
Axitinib (AG-013736)	KDR|FLT1|FLT4|PDGFRB|KIT	VEGFR	VEGFR1-3 selective inhibitor	approved_other	—	clinically_achievable	VEGF-independent angiogenesis
Azacytidine	DNMT1	hypomethylating	cytidine analogue; DNMT1 depletion + RNA incorporation	approved_AML	Decitabine	clinically_achievable	DCK loss|SLC29A1 (hENT1) loss|CDA overexpression
BEZ235	MTOR|PIK3CA	PI3K/mTOR	dual pan-PI3K / mTORC1-2 inhibitor	trial	—	borderline	AKT-independent 4EBP1 signalling
BMS-345541	IKBKB|CHUK	NF-kB	allosteric IKKb/IKKa inhibitor	research	—	not_established	non-canonical NF-kB
Bay 11-7085	NFKBIA|IKBKB	NF-kB	irreversible IkBa phosphorylation inhibitor	research	—	not_established	off-target thiol reactivity
Bortezomib (Velcade)	PSMB5	proteasome	reversible 20S b5 proteasome inhibitor	approved_other	Carfilzomib	clinically_achievable	PSMB5 mutation|proteasome subunit upregulation
Bosutinib (SKI-606)	ABL1|SRC	ABL/SRC	dual SRC/ABL inhibitor	approved_other	—	clinically_achievable	BCR-ABL1 T315I
CI-1040 (PD184352)	MAP2K1|MAP2K2	MEK	allosteric MEK1/2 inhibitor	trial	Trametinib	borderline	MAP2K1 mutation|RTK feedback
CYT387	JAK1|JAK2|ACVR1	JAK	JAK1/2 + ACVR1 inhibitor (momelotinib)	approved_other	—	clinically_achievable	JAK2 persistence|type-II JAK activation
Cabozantinib	MET|KDR|AXL|RET|FLT3	MET/VEGFR	multi-kinase MET/VEGFR2/AXL inhibitor	approved_other	—	clinically_achievable	MET amplification|AXL bypass
Canertinib (CI-1033)	EGFR|ERBB2|ERBB4	ERBB	irreversible pan-ERBB inhibitor	trial	Afatinib	borderline	ERBB bypass signalling
Cediranib (AZD2171)	KDR|FLT1|FLT4|KIT|PDGFRB	VEGFR	pan-VEGFR inhibitor	trial	—	clinically_achievable	VEGF-independent angiogenesis
Crenolanib	FLT3|PDGFRA|PDGFRB	FLT3	type-I FLT3 inhibitor; active against TKD	trial	Gilteritinib	clinically_achievable	RAS/MAPK activation|monocytic differentiation
Crizotinib (PF-2341066)	ALK|MET|ROS1	ALK/MET	ATP-competitive ALK/MET/ROS1 inhibitor	approved_other	—	clinically_achievable	ALK L1196M|MET amplification
DBZ	PSEN1|NOTCH1	NOTCH	gamma-secretase inhibitor (dibenzazepine)	research	—	not_established	NOTCH-independent MYC
Dasatinib	ABL1|SRC|LCK|YES1|KIT|PDGFRB|BTK	ABL/SRC	multi-kinase SRC-family/ABL inhibitor	approved_other	—	clinically_achievable	BCR-ABL1 T315I|SRC-independent survival
Doramapimod (BIRB 796)	MAPK14|MAPK11	p38	allosteric (type-II) p38 MAPK inhibitor	research	—	not_established	JNK compensation
Dovitinib (CHIR-258)	FGFR1|FGFR3|KDR|FLT3|KIT	FGFR	multi-targeted FGFR/VEGFR/FLT3 inhibitor	trial	—	borderline	FGFR gatekeeper mutation
Elesclomol	FDX1	metabolic	copper ionophore; mitochondrial oxidative stress	trial	—	borderline	glycolytic shift|low FDX1
Entospletinib (GS-9973)	SYK	SYK	selective SYK inhibitor	trial	—	clinically_achievable	SYK-independent BCR/ITAM signalling
Entrectinib	NTRK1|NTRK2|NTRK3|ALK|ROS1	NTRK/ALK	pan-TRK / ROS1 / ALK inhibitor	approved_other	—	clinically_achievable	NTRK solvent-front mutation
Erlotinib	EGFR	EGFR	reversible EGFR inhibitor	approved_other	—	clinically_achievable	EGFR-independent survival (off-target in AML)
Flavopiridol	CDK9|CDK1|CDK2|CDK4	CDK	pan-CDK / transcriptional CDK9 inhibitor (alvocidib)	trial	—	clinically_achievable	MCL1 re-expression
Foretinib (XL880)	MET|KDR|AXL|MST1R	MET/VEGFR	multi-kinase MET/VEGFR2/AXL inhibitor	trial	Cabozantinib	borderline	AXL/GAS6 bypass
GSK-1838705A	IGF1R|INSR|ALK	IGF1R	IGF1R/insulin-receptor/ALK inhibitor	research	—	not_established	INSR compensation
GSK-1904529A	IGF1R|INSR	IGF1R	selective IGF1R/INSR inhibitor	research	—	not_established	INSR compensation
GSK690693	AKT1|AKT2|AKT3	AKT	ATP-competitive pan-AKT inhibitor	trial	MK-2206	borderline	SGK1 compensation
GW-2580	CSF1R	CSF1R	selective CSF1R (FMS) inhibitor	research	Pexidartinib	not_established	CSF1R-independent monocytic survival
Gefitinib	EGFR	EGFR	reversible EGFR inhibitor	approved_other	—	clinically_achievable	EGFR-independent survival (off-target in AML)
Gilteritinib	FLT3|AXL	FLT3	type-I FLT3 inhibitor; ITD and TKD active	approved_AML	—	clinically_achievable	FLT3 F691L|RAS/MAPK activation|monocytic differentiation
H-89	PRKACA	PKA	ATP-competitive PKA inhibitor (poorly selective)	research	—	not_established	off-target ROCK/S6K activity
INK-128	MTOR	mTOR	ATP-competitive mTORC1/2 inhibitor (sapanisertib)	trial	—	clinically_achievable	eIF4E amplification
Ibrutinib (PCI-32765)	BTK|ITK|TEC	BTK	irreversible BTK inhibitor	approved_other	—	clinically_achievable	BTK C481S|PLCG2 mutation
Idelalisib	PIK3CD	PI3K	selective PI3Kdelta inhibitor	approved_other	—	clinically_achievable	PI3K isoform switch
Imatinib	ABL1|KIT|PDGFRA|PDGFRB	ABL/KIT	ATP-competitive ABL/KIT/PDGFR inhibitor	approved_other	—	clinically_achievable	BCR-ABL1 T315I|KIT D816V
JAK Inhibitor I	JAK1|JAK2|JAK3|TYK2	JAK	pan-JAK tool inhibitor	research	Ruxolitinib	not_established	JAK-independent STAT activation
JNJ-28312141	CSF1R|FLT3	CSF1R	dual CSF1R/FLT3 inhibitor	research	—	not_established	monocytic bypass
JNJ-38877605	MET	MET	selective MET inhibitor	research	Capmatinib	not_established	MET amplification
JNJ-7706621	AURKA|AURKB|CDK1|CDK2	Aurora/CDK	dual Aurora / CDK inhibitor	research	Alisertib	not_established	TP53 loss
JQ1	BRD4|BRD2|BRD3	BET	BET bromodomain inhibitor	research	OTX-015|Pelabresib	not_established	WNT activation|BRD4 phosphorylation
KI20227	CSF1R|KIT|KDR|PDGFRB	CSF1R	CSF1R-selective multi-kinase inhibitor	research	—	not_established	monocytic bypass
KU-55933	ATM	DDR	selective ATM kinase inhibitor	research	—	not_established	ATR compensation
KW-2449	FLT3|AURKA|ABL1	FLT3/Aurora	dual FLT3 / Aurora-A inhibitor	trial	—	borderline	FLT3 TKD mutation
LY-333531	PRKCB	PKC	selective PKC-beta inhibitor (ruboxistaurin)	trial	—	borderline	PKC isoform redundancy
Lapatinib	EGFR|ERBB2	ERBB	reversible EGFR/HER2 inhibitor	approved_other	—	clinically_achievable	ERBB3 upregulation
Lenalidomide	CRBN|IKZF1|IKZF3	IMiD	cereblon molecular glue; IKZF1/3 degradation	approved_other	—	clinically_achievable	CRBN loss/mutation
Lenvatinib	KDR|FLT1|FLT4|FGFR1|PDGFRA|RET|KIT	VEGFR/FGFR	multi-kinase VEGFR/FGFR inhibitor	approved_other	—	clinically_achievable	FGF-driven bypass
Linifanib (ABT-869)	KDR|PDGFRB|FLT3|CSF1R	VEGFR/FLT3	multi-targeted VEGFR/PDGFR/FLT3 inhibitor	trial	—	borderline	RAS/MAPK activation
MGCD-265	MET|AXL|KDR|TEK	MET	MET/AXL/VEGFR inhibitor (glesatinib)	trial	—	borderline	AXL/GAS6 bypass
MK-2206	AKT1|AKT2|AKT3	AKT	allosteric pan-AKT inhibitor	trial	—	clinically_achievable	SGK1 compensation|PI3K feedback
MLN120B	IKBKB	NF-kB	selective IKKb inhibitor	research	—	not_established	non-canonical NF-kB
MLN8054	AURKA	Aurora	Aurora-A inhibitor (alisertib predecessor)	research	Alisertib	not_established	TP53 loss
Masitinib (AB-1010)	KIT|PDGFRA|PDGFRB|LYN|FYN	KIT	KIT/PDGFR/LYN inhibitor	trial	—	borderline	KIT D816V
Midostaurin	FLT3|KIT|PRKCA|PDGFRA|PDGFRB	FLT3	type-II multi-kinase FLT3/KIT/PKC inhibitor	approved_AML	—	clinically_achievable	FLT3 TKD D835|RAS/MAPK activation
Motesanib (AMG-706)	KDR|FLT1|FLT4|KIT|PDGFRB|RET	VEGFR	multi-kinase VEGFR/KIT/RET inhibitor	trial	—	borderline	VEGF-independent angiogenesis
NF-kB Activation Inhibitor	NFKB1|RELA	NF-kB	NF-kB transcriptional activation inhibitor (tool)	research	—	not_established	non-canonical NF-kB
NVP-ADW742	IGF1R	IGF1R	selective IGF1R inhibitor	research	—	not_established	INSR compensation
NVP-TAE684	ALK	ALK	selective ALK inhibitor	research	Alectinib	not_established	ALK-independent signalling
Neratinib (HKI-272)	EGFR|ERBB2|ERBB4	ERBB	irreversible pan-ERBB inhibitor	approved_other	—	clinically_achievable	ERBB3/PI3K bypass
Nilotinib	ABL1|KIT|PDGFRA|DDR1	ABL/KIT	ATP-competitive ABL/KIT inhibitor	approved_other	—	clinically_achievable	BCR-ABL1 T315I
OTX-015	BRD4|BRD2|BRD3	BET	BET bromodomain inhibitor (birabresib)	trial	—	clinically_achievable	WNT activation|BRD4 phosphorylation
PD173955	ABL1|SRC	ABL/SRC	ATP-competitive ABL/SRC inhibitor	research	Dasatinib	not_established	BCR-ABL1 T315I
PHA-665752	MET	MET	selective MET inhibitor	research	Capmatinib	not_established	MET amplification
PHT-427	AKT1|PDPK1	AKT/PDK1	PH-domain-binding AKT/PDPK1 inhibitor	research	—	not_established	PI3K-independent AKT activation
PI-103	PIK3CA|MTOR	PI3K/mTOR	dual PI3Ka / mTOR inhibitor	research	BEZ235	not_established	4EBP1-independent translation
PP242	MTOR	mTOR	ATP-competitive mTORC1/2 inhibitor	research	INK-128	not_established	eIF4E amplification
PRT062607	SYK	SYK	selective SYK inhibitor	research	Entospletinib	not_established	SYK-independent ITAM signalling
Palbociclib	CDK4|CDK6	CDK	selective CDK4/6 inhibitor	approved_other	—	clinically_achievable	RB1 loss|CCNE1 amplification
Panobinostat	HDAC1|HDAC2|HDAC3|HDAC6	HDAC	pan-HDAC inhibitor	approved_other	Vorinostat	clinically_achievable	HDAC-independent chromatin state
Pazopanib (GW786034)	KDR|FLT1|FLT4|PDGFRA|PDGFRB|KIT	VEGFR	multi-kinase VEGFR/PDGFR/KIT inhibitor	approved_other	—	clinically_achievable	VEGF-independent angiogenesis
Pelitinib (EKB-569)	EGFR	EGFR	irreversible EGFR inhibitor	trial	Afatinib	borderline	EGFR-independent survival
Ponatinib (AP24534)	ABL1|FLT3|KIT|FGFR1|PDGFRA|RET|SRC	ABL/FLT3	pan-ABL inhibitor active against T315I	approved_other	—	clinically_achievable	compound BCR-ABL1 mutations
Quizartinib (AC220)	FLT3|KIT|PDGFRA|RET	FLT3	type-II FLT3-ITD selective inhibitor	approved_AML	—	clinically_achievable	FLT3 D835/F691L TKD|RAS/MAPK activation
RAF265 (CHIR-265)	BRAF|RAF1|KDR	RAF	pan-RAF / VEGFR2 inhibitor	trial	—	borderline	RAF dimerisation (paradoxical activation)
Rapamycin	MTOR	mTOR	allosteric mTORC1 inhibitor (sirolimus)	approved_other	—	clinically_achievable	mTORC2/AKT feedback|4EBP1 persistence
Regorafenib (BAY 73-4506)	KDR|PDGFRB|KIT|RET|RAF1|BRAF	VEGFR/RAF	multi-kinase VEGFR/RAF/KIT inhibitor	approved_other	—	clinically_achievable	RAF dimerisation
Roscovitine (CYC-202)	CDK2|CDK5|CDK7|CDK9	CDK	pan-CDK inhibitor (seliciclib)	trial	—	borderline	MCL1 re-expression
Ruxolitinib (INCB018424)	JAK1|JAK2	JAK	ATP-competitive JAK1/2 inhibitor	approved_other	—	clinically_achievable	JAK2 persistence|heterodimer signalling
S31-201	STAT3	STAT	STAT3 SH2-domain inhibitor	research	—	not_established	STAT5 compensation
SB-431542	TGFBR1|ACVR1B|ACVR1C	TGFb	ALK4/5/7 (TGFb type-I receptor) inhibitor	research	—	not_established	SMAD-independent TGFb signalling
SGX-523	MET	MET	selective MET inhibitor	research	Capmatinib	not_established	MET amplification
SNS-032 (BMS-387032)	CDK2|CDK7|CDK9	CDK	selective CDK2/7/9 inhibitor	trial	—	borderline	MCL1 re-expression
SR9011	NR1D1|NR1D2	nuclear receptor	REV-ERB agonist; circadian/metabolic	research	—	not_established	REV-ERB-independent metabolism
STO609	CAMKK2	CAMKK	selective CAMKK2 inhibitor	research	—	not_established	LKB1-driven AMPK activation
SU11274	MET	MET	selective MET inhibitor	research	Capmatinib	not_established	MET amplification
Saracatinib (AZD0530)	SRC|ABL1|LYN	SRC	dual SRC/ABL inhibitor	trial	—	clinically_achievable	SRC-independent survival
Selinexor	XPO1	nuclear export	selective inhibitor of nuclear export (XPO1)	approved_other	—	clinically_achievable	XPO1 C528S|TP53 loss
Selumetinib (AZD6244)	MAP2K1|MAP2K2	MEK	allosteric MEK1/2 inhibitor	approved_other	Trametinib	clinically_achievable	MAP2K1 mutation|RTK feedback
Sorafenib	FLT3|KIT|RAF1|BRAF|KDR|PDGFRB	FLT3/RAF	type-II multi-kinase FLT3/RAF/VEGFR inhibitor	approved_other	—	clinically_achievable	FLT3 D835 TKD|RAS/MAPK activation
Sunitinib	KIT|PDGFRA|PDGFRB|KDR|FLT3|CSF1R|RET	VEGFR/KIT	multi-kinase VEGFR/KIT/FLT3 inhibitor	approved_other	—	clinically_achievable	KIT secondary mutation
TG100-115	PIK3CG|PIK3CD	PI3K	PI3Kgamma/delta-selective inhibitor	research	Idelalisib	not_established	PI3K isoform switch
Tivozanib (AV-951)	KDR|FLT1|FLT4	VEGFR	highly selective pan-VEGFR inhibitor	approved_other	—	clinically_achievable	VEGF-independent angiogenesis
Tofacitinib (CP-690550)	JAK1|JAK3	JAK	JAK1/JAK3-selective inhibitor	approved_other	—	clinically_achievable	JAK2 compensation
Tozasertib (VX-680)	AURKA|AURKB|AURKC|ABL1|FLT3	Aurora	pan-Aurora + ABL/FLT3 inhibitor	trial	—	borderline	AURKA/B mutation|TP53 loss
Trametinib (GSK1120212)	MAP2K1|MAP2K2	MEK	allosteric MEK1/2 inhibitor	approved_other	—	clinically_achievable	MAP2K1 mutation|RAS amplification|RTK feedback
VX-745	MAPK14	p38	selective p38a inhibitor (neflamapimod)	trial	—	borderline	JNK compensation
Vandetanib (ZD6474)	KDR|EGFR|RET	VEGFR/RET	VEGFR2/EGFR/RET inhibitor	approved_other	—	clinically_achievable	RET gatekeeper mutation
Vargetef	FGFR1|PDGFRA|PDGFRB|KDR|FLT1|FLT4|FLT3|SRC	VEGFR/FGFR	triple angiokinase inhibitor (nintedanib/Vargatef)	approved_other	—	clinically_achievable	FGF-driven bypass
Vatalanib (PTK787)	KDR|FLT1|FLT4|KIT|PDGFRB	VEGFR	pan-VEGFR inhibitor	trial	—	borderline	VEGF-independent angiogenesis
Vemurafenib (PLX-4032)	BRAF	RAF	BRAF-V600E-selective inhibitor	approved_other	—	clinically_achievable	RAF dimerisation (paradoxical MAPK activation in BRAF-WT)
Venetoclax	BCL2	BCL2	selective BH3 mimetic; BCL2	approved_AML	—	clinically_achievable	MCL1 upregulation|BCL2L1 (BCL-xL)|monocytic differentiation|TP53 loss|BAX loss
Volasertib (BI-6727)	PLK1	PLK	selective PLK1 inhibitor	trial	—	clinically_achievable	PLK1 mutation|TP53 loss
XAV-939	TNKS|TNKS2	WNT	tankyrase inhibitor; AXIN stabilisation	research	—	not_established	WNT-independent MYC
YM-155	BIRC5	IAP	survivin (BIRC5) transcriptional suppressant	trial	—	borderline	IAP redundancy (XIAP)
Cytarabine	POLA1|POLE	antimetabolite	deoxycytidine analogue; DNA chain termination (DCK-dependent)	approved_AML	—	clinically_achievable	DCK loss|SLC29A1 (hENT1) loss|CDA overexpression|SAMHD1 high
Nutlin 3a	MDM2	p53	MDM2-p53 interaction inhibitor	research	Idasanutlin	not_established	TP53 mutation/loss (absolute)
GDC-0941	PIK3CA|PIK3CB|PIK3CD	PI3K	pan-class-I PI3K inhibitor (pictilisib)	trial	—	borderline	AKT-independent signalling
