cohort	category	n	n_pos	prevalence	sensitivity	specificity	precision	f1	auroc	TP	FP	FN	TN
BeatAML_CV	ASXL1	615	63	0.1024	0.5556	0.9638	0.6364	0.5932	0.8707	35	20	28	532
BeatAML_CV	BCOR	615	34	0.0553	0.7647	0.9828	0.7222	0.7429	0.9152	26	10	8	571
BeatAML_CV	BCORL1	615	13	0.0211	0.5385	0.99	0.5385	0.5385	0.9089	7	6	6	596
BeatAML_CV	CBL	615	13	0.0211	0.3846	1.0	1.0	0.5556	0.5777	5	0	8	602
BeatAML_CV	CEBPA_Nterminal_frameshift/nonsense	615	32	0.052	0.5938	0.9914	0.7917	0.6786	0.9677	19	5	13	578
BeatAML_CV	CEBPA_bZIP	615	14	0.0228	0.7143	0.9617	0.303	0.4255	0.9364	10	23	4	578
BeatAML_CV	CEBPA_biallelic_or_double	615	16	0.026	0.75	0.9816	0.5217	0.6154	0.9373	12	11	4	588
BeatAML_CV	CREBBP	615	10	0.0163	0.5	0.9983	0.8333	0.625	0.6648	5	1	5	604
BeatAML_CV	CSF3R	615	9	0.0146	0.3333	0.9983	0.75	0.4615	0.6702	3	1	6	605
BeatAML_CV	DNMT3A_R882	615	76	0.1236	0.7237	0.8998	0.5046	0.5946	0.8799	55	54	21	485
BeatAML_CV	DNMT3A_nonR882	615	64	0.1041	0.875	0.3412	0.1337	0.2319	0.6047	56	363	8	188
BeatAML_CV	ETV6	615	6	0.0098	0.1667	0.9787	0.0714	0.1	0.7781	1	13	5	596
BeatAML_CV	EZH2	615	19	0.0309	0.2105	0.9966	0.6667	0.32	0.7794	4	2	15	594
BeatAML_CV	FLT3_ITD	669	158	0.2362	0.7089	0.9452	0.8	0.7517	0.8986	112	28	46	483
BeatAML_CV	FLT3_TKD_D835/I836	615	42	0.0683	0.3095	0.9372	0.2653	0.2857	0.7158	13	36	29	537
BeatAML_CV	FLT3_other_TKD_or_JM	615	27	0.0439	0.2222	0.983	0.375	0.2791	0.7306	6	10	21	578
BeatAML_CV	GATA2	615	29	0.0472	0.4483	0.9846	0.5909	0.5098	0.8304	13	9	16	577
BeatAML_CV	IDH1_R132	615	49	0.0797	0.8163	0.8922	0.396	0.5333	0.9108	40	61	9	505
BeatAML_CV	IDH2_R140	615	62	0.1008	0.6129	0.9168	0.4524	0.5205	0.8384	38	46	24	507
BeatAML_CV	IDH2_R172	615	10	0.0163	0.6	0.995	0.6667	0.6316	0.9612	6	3	4	602
BeatAML_CV	IKZF1	615	9	0.0146	0.6667	0.9835	0.375	0.48	0.8893	6	10	3	596
BeatAML_CV	JAK2_V617F	615	18	0.0293	0.2222	1.0	1.0	0.3636	0.811	4	0	14	597
BeatAML_CV	KIT_D816	615	13	0.0211	0.5385	0.9983	0.875	0.6667	0.8276	7	1	6	601
BeatAML_CV	KMT2A_fusion	671	43	0.0641	0.8372	1.0	1.0	0.9114	0.9632	36	0	7	628
BeatAML_CV	KRAS_G12	615	15	0.0244	0.5333	0.785	0.0584	0.1053	0.7029	8	129	7	471
BeatAML_CV	KRAS_G13	615	10	0.0163	0.3	0.9983	0.75	0.4286	0.955	3	1	7	604
BeatAML_CV	NF1	615	16	0.026	0.4375	0.9466	0.1795	0.2545	0.6734	7	32	9	567
BeatAML_CV	NPM1_exon12_frameshift	615	140	0.2276	0.9571	0.9579	0.8701	0.9116	0.9809	134	20	6	455
BeatAML_CV	NRAS_G12	615	34	0.0553	0.4412	0.8778	0.1744	0.25	0.6777	15	71	19	510
BeatAML_CV	NRAS_G13	615	22	0.0358	0.1818	0.9781	0.2353	0.2051	0.7441	4	13	18	580
BeatAML_CV	NRAS_Q61	615	39	0.0634	0.4872	0.901	0.25	0.3304	0.8309	19	57	20	519
BeatAML_CV	PHF6	615	21	0.0341	0.619	0.9596	0.3514	0.4483	0.8976	13	24	8	570
BeatAML_CV	PTPN11_other	615	20	0.0325	0.35	0.9244	0.1346	0.1944	0.7039	7	45	13	550
BeatAML_CV	RAD21	615	15	0.0244	0.1333	0.97	0.1	0.1143	0.6519	2	18	13	582
BeatAML_CV	RUNX1_LOF	615	75	0.122	0.8667	0.9426	0.6771	0.7602	0.9456	65	31	10	509
BeatAML_CV	SETBP1	615	7	0.0114	0.4286	0.9967	0.6	0.5	0.7838	3	2	4	606
BeatAML_CV	SF3B1_K666	615	18	0.0293	0.9444	0.9899	0.7391	0.8293	0.9966	17	6	1	591
BeatAML_CV	SF3B1_K700	615	10	0.0163	0.7	1.0	1.0	0.8235	0.9833	7	0	3	605
BeatAML_CV	SMC1A	615	10	0.0163	0.2	0.9917	0.2857	0.2353	0.6823	2	5	8	600
BeatAML_CV	SMC3	615	10	0.0163	0.1	0.995	0.25	0.1429	0.6881	1	3	9	602
BeatAML_CV	SRSF2	615	72	0.1171	0.9306	0.9945	0.9571	0.9437	0.9964	67	3	5	540
BeatAML_CV	STAG2	615	43	0.0699	0.6744	0.9913	0.8529	0.7532	0.8917	29	5	14	567
BeatAML_CV	SUZ12	615	7	0.0114	0.2857	0.9901	0.25	0.2667	0.6602	2	6	5	602
BeatAML_CV	TET2	615	82	0.1333	0.5122	0.9493	0.6087	0.5563	0.8155	42	27	40	506
BeatAML_CV	TP53_LOF/splice/frameshift	615	22	0.0358	0.5	0.9983	0.9167	0.6471	0.8721	11	1	11	592
BeatAML_CV	TP53_hotspot_DBD	615	43	0.0699	0.5581	0.9615	0.5217	0.5393	0.8756	24	22	19	550
BeatAML_CV	U2AF1_Q157/R156	615	10	0.0163	0.6	0.9934	0.6	0.6	0.8592	6	4	4	601
BeatAML_CV	U2AF1_S34	615	23	0.0374	0.9565	1.0	1.0	0.9778	0.9999	22	0	1	592
BeatAML_CV	WT1_LOF	615	47	0.0764	0.5319	0.9754	0.641	0.5814	0.8573	25	14	22	554
BeatAML_CV	ZRSR2	615	10	0.0163	0.3	0.9983	0.75	0.4286	0.8813	3	1	7	604
Leucegene	ASXL1	82	8	0.0976	0.25	0.9595	0.4	0.3077	0.8615	2	3	6	71
Leucegene	CEBPA_biallelic_or_double	367	11	0.03	0.7273	0.9831	0.5714	0.64	0.952	8	6	3	350
Leucegene	FLT3_ITD	79	4	0.0506	0.25	0.9467	0.2	0.2222	0.715	1	4	3	71
Leucegene	FLT3_TKD_D835/I836	60	5	0.0833	0.0	0.8	0.0	0.0	0.4636	0	11	5	44
Leucegene	FLT3_other_TKD_or_JM	82	3	0.0366	0.6667	0.9747	0.5	0.5714	0.7595	2	2	1	77
Leucegene	GATA2	82	3	0.0366	0.3333	0.9873	0.5	0.4	0.7911	1	1	2	78
Leucegene	IDH1_R132	367	26	0.0708	0.5	0.8592	0.2131	0.2989	0.8618	13	48	13	293
Leucegene	IDH2_R140	367	30	0.0817	0.6667	0.9139	0.4082	0.5063	0.8742	20	29	10	308
Leucegene	IKZF1	82	3	0.0366	1.0	0.9873	0.75	0.8571	0.9958	3	1	0	78
Leucegene	NPM1_exon12_frameshift	178	99	0.5562	0.8687	0.9873	0.9885	0.9247	0.9944	86	1	13	78
Leucegene	SMC1A	82	5	0.061	0.0	1.0	0.0	0.0	0.8039	0	0	5	77
Leucegene	SRSF2	367	26	0.0708	1.0	0.956	0.6341	0.7761	0.9903	26	15	0	326
Leucegene	STAG2	82	3	0.0366	1.0	0.9873	0.75	0.8571	1.0	3	1	0	78
Leucegene	TET2	367	98	0.267	0.2347	0.9368	0.575	0.3333	0.5885	23	17	75	252
Leucegene	U2AF1_Q157/R156	367	7	0.0191	0.4286	0.9944	0.6	0.5	0.9444	3	2	4	358
Leucegene	U2AF1_S34	367	9	0.0245	1.0	0.9888	0.6923	0.8182	1.0	9	4	0	354
Leucegene	WT1_LOF	367	10	0.0272	0.3	0.944	0.1304	0.1818	0.7917	3	20	7	337
Leucegene	ZRSR2	367	5	0.0136	0.6	1.0	1.0	0.75	0.997	3	0	2	362
heldout_scRNA	FLT3_ITD	26	7	0.2692	0.5714	0.8947	0.6667	0.6154	0.8647	4	2	3	17
heldout_scRNA	SRSF2	26	5	0.1923	0.8	0.9524	0.8	0.8	0.9238	4	1	1	20
heldout_scRNA	TET2	26	9	0.3462	0.4444	0.9412	0.8	0.5714	0.7843	4	1	5	16
all_scRNA	ASXL1	387	13	0.0336	0.5385	0.9278	0.2059	0.2979	0.716	7	27	6	347
all_scRNA	BCOR	387	3	0.0078	0.0	0.9427	0.0	0.0	0.4544	0	22	3	362
all_scRNA	CBL	387	5	0.0129	0.0	0.9921	0.0	0.0	0.5966	0	3	5	379
all_scRNA	CSF3R	387	3	0.0078	0.0	0.9922	0.0	0.0	0.6871	0	3	3	381
all_scRNA	EZH2	387	5	0.0129	0.0	0.9921	0.0	0.0	0.5694	0	3	5	379
all_scRNA	FLT3_ITD	387	29	0.0749	0.5862	0.8212	0.2099	0.3091	0.7472	17	64	12	294
all_scRNA	GATA2	387	8	0.0207	0.375	0.9736	0.2308	0.2857	0.7493	3	10	5	369
all_scRNA	NF1	387	7	0.0181	0.1429	0.9395	0.0417	0.0645	0.6658	1	23	6	357
all_scRNA	PHF6	387	4	0.0103	0.25	0.9399	0.0417	0.0714	0.7536	1	23	3	360
all_scRNA	RAD21	387	4	0.0103	0.25	0.9687	0.0769	0.1176	0.8052	1	12	3	371
all_scRNA	SMC1A	387	6	0.0155	0.3333	0.9921	0.4	0.3636	0.6483	2	3	4	378
all_scRNA	SRSF2	387	12	0.031	0.75	0.9093	0.2093	0.3273	0.8394	9	34	3	341
all_scRNA	STAG2	387	3	0.0078	0.6667	0.9479	0.0909	0.16	0.7639	2	20	1	364
all_scRNA	TET2	387	29	0.0749	0.3448	0.905	0.2273	0.274	0.7329	10	34	19	324

COHORT OVERALL (mean over categories | pooled over all calls)
cohort	n_cat	mean_sens	mean_spec	mean_f1	mean_auroc	pooled_sens	pooled_spec
BeatAML_CV	50	0.532	0.956	0.505	0.830	0.641	0.957
Leucegene	18	0.546	0.956	0.497	0.855	0.580	0.956
heldout_scRNA	3	0.605	0.929	0.662	0.858	0.571	0.930
all_scRNA	14	0.303	0.946	0.162	0.695	0.405	0.947
