inhibitor	n	auroc	spearman	reliability	ceiling	tier	frac_of_ceiling
Venetoclax	363	0.9364	0.5945	0.4089669481730372	0.6395052370176786	moderate	0.93
Sorafenib	489	0.8784	0.5093	0.4193417480904722	0.6475660183259095	moderate	0.786
Sunitinib	481	0.8691	0.5013	0.4176745386362019	0.646277447104726	moderate	0.776
Trametinib (GSK1120212)	479	0.8694	0.4948	0.6726873906332629	0.8201752194703659	reproducible	0.603
Rapamycin	461	0.8347	0.474	0.4735790623921134	0.6881708090235399	reproducible	0.689
17-AAG (Tanespimycin)	444	0.8639	0.4677	0.0343470803471156	0.1853296531781021	unreliable	2.524
Dovitinib (CHIR-258)	450	0.8395	0.4403	0.1929058669136973	0.4392105041021871	weak	1.003
Elesclomol	426	0.8184	0.4403	-0.2034665976718173	0.0	unreliable	
KW-2449	444	0.8755	0.4303	0.3005635406668643	0.5482367560341648	moderate	0.785
Pelitinib (EKB-569)	447	0.8199	0.4148	0.2716706396106299	0.5212203369119723	weak	0.796
Crenolanib	441	0.7908	0.4127	0.5394152118717563	0.7344489171288608	reproducible	0.562
Panobinostat	283	0.8095	0.4105	0.0524497257963236	0.2290190511645782	unreliable	1.793
Selumetinib (AZD6244)	451	0.8097	0.4093	0.6726873906332629	0.8201752194703659	reproducible	0.499
Cabozantinib	445	0.8046	0.4034	0.5545539882794701	0.7446838176565073	reproducible	0.542
Quizartinib (AC220)	456	0.8002	0.3954	0.4176745386362019	0.646277447104726	moderate	0.612
Foretinib (XL880)	448	0.7949	0.3824	0.5545539882794701	0.7446838176565073	reproducible	0.514
Dasatinib	485	0.777	0.3745	0.0872858248437294	0.295441745262462	unreliable	1.268
Ponatinib (AP24534)	296	0.7686	0.3716	0.3093013166057565	0.5561486461421591	moderate	0.668
Tivozanib (AV-951)	443	0.7619	0.367	0.3646896797564805	0.603895421208408	moderate	0.608
NVP-TAE684	446	0.8016	0.3541	0.2005316105159671	0.4478075596905072	weak	0.791
NF-kB Activation Inhibitor	436	0.7678	0.3504	-0.0291300511019236	0.0	unreliable	
AZD1152-HQPA (AZD2811)	450	0.7806	0.3382	0.215698453061822	0.4644334753889108	weak	0.728
Regorafenib (BAY 73-4506)	445	0.7622	0.3376	0.4193417480904722	0.6475660183259095	moderate	0.521
LY-333531	410	0.771	0.3296	-0.0337693838341041	0.0	unreliable	
CI-1040 (PD184352)	456	0.7518	0.3287	0.5992690213423978	0.7741246807474864	reproducible	0.425
RAF265 (CHIR-265)	445	0.726	0.3238	0.0954990425530302	0.3090291936905481	unreliable	1.048
ABT-737	233	0.7605	0.3179	0.5457208668693057	0.7387292243233008	reproducible	0.43
GSK-1838705A	448	0.7269	0.3154	0.0851829226188477	0.2918611358486219	unreliable	1.081
SNS-032 (BMS-387032)	453	0.7188	0.3154	-0.159932920364811	0.0	unreliable	
Palbociclib	292	0.7438	0.3145	0.278963606401402	0.5281700544345562	weak	0.595
Pazopanib (GW786034)	462	0.7485	0.3073	0.3646896797564805	0.603895421208408	moderate	0.509
Erlotinib	480	0.73	0.3067	0.2854459716144094	0.5342714400137906	weak	0.574
Vandetanib (ZD6474)	476	0.7541	0.3023	0.2249792690655404	0.4743197961982405	weak	0.637
GDC-0941	419	0.7326	0.2864	0.4787823559956076	0.6919410061526977	reproducible	0.414
OTX-015	289	0.7319	0.2852	0.6045294629704342	0.777514927811958	reproducible	0.367
Vargetef	446	0.7204	0.2806	0.155105001352656	0.3938337229753897	weak	0.713
Idelalisib	439	0.6909	0.2739	-0.0240838834631188	0.0	unreliable	
Lenvatinib	339	0.7264	0.27	0.2414916407812326	0.4914179898835945	weak	0.549
MGCD-265	443	0.7175	0.267	0.2687026579835543	0.5183653711269247	weak	0.515
Linifanib (ABT-869)	448	0.7344	0.2657	0.3020730202732696	0.5496116995418399	moderate	0.483
JQ1	344	0.7074	0.2622	0.6045294629704342	0.777514927811958	reproducible	0.337
Axitinib (AG-013736)	471	0.6714	0.2597	0.3045562248519908	0.5518661294661875	moderate	0.471
Canertinib (CI-1033)	450	0.6984	0.2492	0.2988215905128231	0.5466457632807769	weak	0.456
Midostaurin	457	0.7195	0.2468	0.5394152118717563	0.7344489171288608	reproducible	0.336
MK-2206	443	0.6872	0.2456	0.0340656426079713	0.1845688018273168	unreliable	1.331
AT7519	441	0.7095	0.2431	0.3163246421844012	0.5624274550414491	moderate	0.432
Gefitinib	461	0.6851	0.2421	0.2854459716144094	0.5342714400137906	weak	0.453
JNJ-28312141	312	0.6989	0.2419	0.3001635577370665	0.5478718442638447	moderate	0.441
GW-2580	435	0.6813	0.2364	0.2960429409510353	0.5440982824371303	weak	0.434
Doramapimod (BIRB 796)	449	0.681	0.2328	0.3076544011889514	0.5546660267124275	moderate	0.42
Crizotinib (PF-2341066)	465	0.6854	0.2317	0.2296803589205427	0.4792497876061529	weak	0.484
Bosutinib (SKI-606)	451	0.686	0.2303	0.2028599965442299	0.4503998185437355	weak	0.511
Nutlin 3a	319	0.6934	0.2281	0.61238499201141	0.7825503127667958	reproducible	0.292
Motesanib (AMG-706)	445	0.685	0.2268	0.5701389889219035	0.755075485578696	reproducible	0.3
PHA-665752	447	0.6925	0.2266	0.3849702086319027	0.6204596752665742	moderate	0.365
A-674563	456	0.6951	0.224	-0.0163191721444396	0.0	unreliable	
Saracatinib (AZD0530)	445	0.6964	0.2207	0.2028599965442299	0.4503998185437356	weak	0.49
Tozasertib (VX-680)	453	0.6903	0.2155	0.3005635406668642	0.5482367560341648	moderate	0.393
Ibrutinib (PCI-32765)	433	0.6985	0.2147	0.1327871605569889	0.3643997263404418	unreliable	0.589
INK-128	452	0.6723	0.2129	0.4735790623921134	0.6881708090235399	reproducible	0.309
Lenalidomide	262	0.6234	0.2054	-0.1499504322147421	0.0	unreliable	
BEZ235	444	0.6263	0.2043	0.4679202894000031	0.6840469935611172	reproducible	0.299
NVP-ADW742	439	0.6777	0.1972	0.1326767303479422	0.3642481713721323	unreliable	0.541
PI-103	447	0.7244	0.197	0.4223455588830601	0.6498811882821813	moderate	0.303
SU11274	397	0.6366	0.1898	0.389108376954579	0.6237855215974311	moderate	0.304
PP242	453	0.6418	0.1878	0.3793059195314635	0.6158781693902321	moderate	0.305
Cediranib (AZD2171)	448	0.6173	0.1852	0.5701389889219034	0.7550754855786959	reproducible	0.245
YM-155	452	0.5968	0.1821	0.3478022689472481	0.5897476315740896	moderate	0.309
Bortezomib (Velcade)	458	0.6424	0.182	0.0578665342091457	0.2405546387188278	unreliable	0.757
Entrectinib	212	0.5765	0.1745	-0.0058060983554323	0.0	unreliable	
Tofacitinib (CP-690550)	453	0.6276	0.1734	0.117531109037386	0.3428281042116968	unreliable	0.506
Bay 11-7085	339	0.6406	0.1722	0.3687482203065756	0.6072464246964123	moderate	0.284
SR9011	263	0.6191	0.1718	-0.0210477292189354	0.0	unreliable	
Gilteritinib	275	0.6688	0.1684	0.3572297394766452	0.5976869912225339	moderate	0.282
Nilotinib	467	0.6632	0.1678	-0.0489045329812683	0.0	unreliable	
Flavopiridol	446	0.6137	0.1654	0.3163246421844013	0.5624274550414492	moderate	0.294
Lapatinib	459	0.6397	0.1624	0.2988215905128231	0.5466457632807769	weak	0.297
KU-55933	448	0.6236	0.1601	0.0918201217123766	0.3030183521049124	unreliable	0.528
KI20227	400	0.6105	0.1599	0.3553034996102853	0.5960734011934145	moderate	0.268
GSK-1904529A	447	0.6146	0.1516	0.1326767303479422	0.3642481713721323	unreliable	0.416
PRT062607	442	0.619	0.1482	-0.0219196083602863	0.0	unreliable	
Entospletinib (GS-9973)	309	0.557	0.1408	-0.0219196083602863	0.0	unreliable	
AGI-6780	294	0.6021	0.1337	0.3426221457227478	0.585339342367099	moderate	0.228
CYT387	450	0.5735	0.1309	0.137925151052425	0.3713827554591422	unreliable	0.353
MLN8054	447	0.6305	0.1296	0.3574836114735236	0.597899332223681	moderate	0.217
Vemurafenib (PLX-4032)	354	0.607	0.1246	-0.2130365859753146	0.0	unreliable	
XAV-939	267	0.607	0.1241	0.0655731415115533	0.2560725317396486	unreliable	0.485
Ruxolitinib (INCB018424)	444	0.5742	0.1231	0.2487307901704759	0.4987291751747394	weak	0.247
JAK Inhibitor I	443	0.6083	0.1139	0.248730790170476	0.4987291751747395	weak	0.228
PD173955	448	0.5731	0.1135	0.1174684168646332	0.3427366581861841	unreliable	0.331
Vatalanib (PTK787)	447	0.5847	0.1113	0.2761803354009873	0.5255286247208494	weak	0.212
Afatinib (BIBW-2992)	453	0.6109	0.096	0.1590197290742066	0.3987727787527712	weak	0.241
H-89	408	0.554	0.0957	-0.0163191721444396	0.0	unreliable	
VX-745	452	0.5601	0.094	0.3076544011889513	0.5546660267124275	moderate	0.169
PHT-427	443	0.5564	0.0917	0.1881095215313779	0.4337159456734071	weak	0.211
TG100-115	446	0.5674	0.0892	-0.0240838834631188	0.0	unreliable	
Neratinib (HKI-272)	448	0.6001	0.0852	0.1590197290742066	0.3987727787527712	weak	0.214
DBZ	362	0.6345	0.0849	0.2331726484652465	0.4828795382548804	weak	0.176
Imatinib	499	0.5175	0.0847	0.2006110459112364	0.4478962445826448	weak	0.189
S31-201	398	0.5828	0.0806	-0.1075578471052364	0.0	unreliable	
Roscovitine (CYC-202)	456	0.5749	0.0797	-0.0639074439106939	0.0	unreliable	
Alisertib (MLN8237)	454	0.5734	0.0783	0.3574836114735236	0.597899332223681	moderate	0.131
JNJ-38877605	449	0.5711	0.0696	0.389108376954579	0.623785521597431	moderate	0.112
Masitinib (AB-1010)	443	0.5518	0.0633	0.2006110459112364	0.4478962445826449	weak	0.141
SB-431542	454	0.5655	0.0461	0.2797167839767274	0.5288825805192751	weak	0.087
AGI-5198	296	0.5142	0.0443	0.3070101272701991	0.5540849458974672	moderate	0.08
AZD1480	451	0.5368	0.0406	0.2252389919178374	0.4745935017652869	weak	0.086
GSK690693	442	0.554	0.0383	0.0340656426079713	0.1845688018273168	unreliable	0.208
Selinexor	238	0.5434	0.0286	0.03336020813245	0.1826477706747335	unreliable	0.156
Azacytidine	363	0.4759	0.0223	-0.0714722211003934	0.0	unreliable	
Volasertib (BI-6727)	345	0.4715	-0.0057	0.0849477197145479	0.2914579210015536	unreliable	-0.019
JNJ-7706621	450	0.5222	-0.0067	0.2817174735019268	0.5307706411454262	weak	-0.013
MLN120B	447	0.4769	-0.0208	0.3687482203065756	0.6072464246964124	moderate	-0.034
STO609	410	0.4701	-0.021	0.1068625686801424	0.3268984072768517	unreliable	-0.064
SGX-523	448	0.4332	-0.0462	0.3849702086319027	0.6204596752665742	moderate	-0.074
BMS-345541	454	0.407	-0.0739	0.1498212262615644	0.3870674699087543	unreliable	-0.191
